likes,comments
11.2k,280
"7,395",67
14.8k,240
12.4k,317
"4,727",139
12.5k,195
18.3k,161
"6,142",100
"8,416",121
"4,767",53
17.9k,222
14.4k,217
"8,113",173
12.6k,251
"8,327",160
"7,072",155
13.4k,135
"9,501",138
11.9k,174
10k,175
14.3k,177
18.2k,480
"4,661",129
13.3k,168
18.3k,420
12.5k,208
12.8k,323
11.4k,179
"7,664",125
14.5k,360
11.4k,179
"7,664",125
14.5k,360
12.1k,240
"4,995",33
"9,121",131
12.1k,227
12.9k,250
13.1k,205
12.1k,227
12.9k,250
13.1k,205
11k,214
13.2k,231
12.1k,292
"7,616",115
"9,834",156
"9,460",108
"9,230",170
12.6k,233
16.5k,299
11.4k,152
"9,325",157
12.8k,201
10.3k,134
10.4k,150
"8,189",137
"9,262",215
"7,745",118
"9,889",205
"9,262",215
"7,745",118
"9,889",205
13.4k,141
"8,383",202
"9,327",245
"7,497",126
"6,081",96
12.5k,326
10.6k,142
18.3k,249
"6,961",84
10.7k,245
16.4k,317
11.8k,204
15.1k,242
118k,512
22.4k,526
"7,587",126
"9,689",146
11.4k,195
"7,587",126
"9,689",146
11.4k,195
"8,661",129
10.6k,166
12.5k,237
"9,240",220
"8,179",116
50.9k,354
16.5k,423
20.8k,431
13.9k,202
15.1k,385
16.1k,307
16.1k,175
12.8k,209
"9,896",186
11.7k,219
10.3k,174
10.9k,161
14k,240
10.3k,174
10.9k,161
14k,240
10.8k,211
15.2k,353
17.4k,432
18.7k,264
16.6k,364
11.3k,208
29.4k,266
11.5k,224
10.1k,195
11.6k,295
10.4k,301
17.2k,381
76.8k,390
11.5k,253
12.4k,263
10.8k,186
"8,938",222
"8,913",145
10.8k,186
"8,938",222
"8,913",145
13.7k,367
10.6k,145
48.6k,837
11.1k,194
11.1k,222
12.8k,251
11.1k,374
13.4k,304
"9,434",204
11.9k,261
10.9k,339
13.3k,403
16.8k,547
"9,649",306
16.4k,501
44.2k,234
11.3k,213
11.6k,504
44.2k,234
11.3k,213
11.6k,504
15.1k,296
57.4k,217
11.7k,260
11.1k,270
"9,029",193
13.6k,296
12.2k,226
113k,809
13.4k,276
11.9k,348
11.1k,234
16.5k,526
62.6k,339
"7,597",139
"8,074",218
11.4k,199
10.8k,318
20.4k,347
11.4k,199
10.8k,318
20.4k,347
"6,291",86
17.3k,346
13.9k,211
"7,353",138
14.4k,297
"9,193",167
15.2k,407
11.5k,217
11.2k,293
11.3k,228
"9,409",163
"9,255",237
10.9k,266
13k,190
"7,390",158
10.2k,288
"4,489",108
14k,289
"8,640",158
"9,118",200
"7,366",184
"8,640",158
"9,118",200
"7,366",184
"9,627",164
"5,762",105
"6,648",108
"6,443",164
"4,580",78
"5,375",84
"6,664",98
"9,247",160
13.8k,178
"8,652",143
"8,989",110
"7,333",157
"4,694",71
10.1k,152
"8,169",117
"7,908",197
"6,076",147
"9,236",266
"7,908",197
"6,076",147
"9,236",266
"7,027",147
"6,123",108
"6,679",220
"7,952",196
17.4k,309
"7,927",166
12.3k,277
"8,201",139
"8,288",118
"6,335",144
11.9k,218
10.9k,252
10k,239
"7,423",109
"4,938",67
"6,522",90
"7,507",110
"6,966",157
"6,522",90
"7,507",110
"6,966",157
"4,963",126
"7,703",102
"8,806",167
"9,746",228
"9,907",210
"6,767",103
"6,621",100
10.9k,183
"5,898",86
"6,965",373
"8,935",182
"6,234",108
"8,721",143
"9,665",277
"5,950",202
"5,366",111
"3,891",86
"5,493",110
"5,366",111
"3,891",86
"5,493",110
"8,503",178
13.5k,404
"6,875",88
"5,693",81
"7,522",139
"6,556",104
"7,225",106
10.9k,189
"9,416",175
"6,730",233
11.7k,170
"8,908",159
"6,525",78
"7,152",69
"9,340",169
"6,496",90
"8,721",138
"8,982",135
"6,496",90
"8,721",138
"8,982",135
"8,377",180
18.2k,136
"4,498",87
"6,995",153
"9,069",177
"7,909",112
"6,690",94
"4,312",59
"8,853",184
"4,386",60
"4,940",75
"7,177",175
"5,595",71
"6,162",100
"7,168",108
"6,945",114
"6,706",86
"7,193",87
"6,945",114
"6,706",86
"7,193",87
"4,866",114
"4,825",90
"9,435",150
13.8k,306
"6,943",150
"7,263",124
"4,917",62
"5,204",98
"3,947",34
"9,019",213
"4,745",112
"4,865",95
"4,709",107
"3,160",49
"6,039",77
"6,276",172
"4,487",57
"4,091",140
"6,276",172
"4,487",57
"4,091",140
"3,201",63
"3,073",71
"4,261",105
"3,806",50
"3,893",113
"4,208",55
"4,620",71
"4,731",58
"4,506",74
"3,867",99
"2,967",52
"7,150",180
"2,310",48
"3,456",101
"3,692",122
"3,011",82
"2,883",74
"2,721",50
"5,121",230
"2,366",40
"2,739",54
"5,121",230
"2,366",40
"2,739",54
"2,900",54
"2,361",33
"2,521",36
"5,496",83
"2,545",56
"3,017",47
